NAME,LATITUDE,LONGITUDE,LOCATION
Ellerslie Crossing,53.4289592925418,-113.458381816139,"(53.4289592925418, -113.458381816139)"
Westglen Playground,53.5550113156224,-113.543874217932,"(53.5550113156224, -113.543874217932)"
Pleasantview Sch,53.4951567051601,-113.503456882164,"(53.4951567051601, -113.503456882164)"
Delton School,53.5753902966249,-113.478436973309,"(53.5753902966249, -113.478436973309)"
Rio Terrace Sch,53.5087032714054,-113.587092792845,"(53.5087032714054, -113.587092792845)"
Russ Barnes Arena/ Santa Rosa Park,53.5740404424801,-113.446529613044,"(53.5740404424801, -113.446529613044)"
Rutherford Park,53.420086864183,-113.53548206506,"(53.420086864183, -113.53548206506)"
Eastwood Community League,53.5708972708012,-113.472036891822,"(53.5708972708012, -113.472036891822)"
Rundle Hts Sch,53.5620191923578,-113.392462675614,"(53.5620191923578, -113.392462675614)"
Bishop Savaryn School,53.621807954237,-113.507066022,"(53.621807954237, -113.507066022)"
Steinhauer School,53.464668357735,-113.504646268682,"(53.464668357735, -113.504646268682)"
Pollard Meadows School,53.4480052386755,-113.412261336816,"(53.4480052386755, -113.412261336816)"
Hamptons,53.4928555445661,-113.679655832821,"(53.4928555445661, -113.679655832821)"
Klarvatten,53.633188943469,-113.475764179121,"(53.633188943469, -113.475764179121)"
Canora Park/Holy Cross School,53.5474881535643,-113.581861774607,"(53.5474881535643, -113.581861774607)"
"W.C. ""Tubby"" Bateman Park",53.5233445786689,-113.480067238569,"(53.5233445786689, -113.480067238569)"
Homesteader School,53.5870809361903,-113.412396828766,"(53.5870809361903, -113.412396828766)"
Westglen,53.554390854168,-113.541965869242,"(53.554390854168, -113.541965869242)"
McLeod Meadows,53.6150556493487,-113.441379615107,"(53.6150556493487, -113.441379615107)"
Ambleside Stage Nine,53.430093053198,-113.608887947193,"(53.430093053198, -113.608887947193)"
Brander Gardens Park,53.4936774735395,-113.575688254001,"(53.4936774735395, -113.575688254001)"
Ken Newman Playground,53.5537956185421,-113.580946204397,"(53.5537956185421, -113.580946204397)"
Canon Ridge,53.5808368022683,-113.378456547884,"(53.5808368022683, -113.378456547884)"
Suder Greens,53.5208604709069,-113.684694779739,"(53.5208604709069, -113.684694779739)"
Windsor Park School,53.5235004347935,-113.535765467195,"(53.5235004347935, -113.535765467195)"
Prince Charles Playground,53.5746703119848,-113.537029939857,"(53.5746703119848, -113.537029939857)"
Borden Park,53.561856662503,-113.453582019893,"(53.561856662503, -113.453582019893)"
Riverdale Park,53.541383236911,-113.473237191137,"(53.541383236911, -113.473237191137)"
Meadowlark Playground,53.5252809447256,-113.59702449564,"(53.5252809447256, -113.59702449564)"
Zoie Gardner Park,53.5854475613389,-113.450595392168,"(53.5854475613389, -113.450595392168)"
Kirkness School/Park,53.6118771701067,-113.385387541249,"(53.6118771701067, -113.385387541249)"
Central McDougall,53.554782955279,-113.5036788014,"(53.554782955279, -113.5036788014)"
Garneau School East,53.5222432784721,-113.512977295331,"(53.5222432784721, -113.512977295331)"
Glengarry Park,53.5959466076638,-113.476305485878,"(53.5959466076638, -113.476305485878)"
Jamieson Place Playground,53.4904228593599,-113.650563477614,"(53.4904228593599, -113.650563477614)"
Garneau School West,53.5221865752289,-113.514041261645,"(53.5221865752289, -113.514041261645)"
Forest Heights School,53.5441339971013,-113.452746561697,"(53.5441339971013, -113.452746561697)"
Belgravia Community League,53.5095702429826,-113.530524730751,"(53.5095702429826, -113.530524730751)"
Chappelle,53.404037246194,-113.569974147615,"(53.404037246194, -113.569974147615)"
Woodcroft Playground,53.5647058448527,-113.561898550432,"(53.5647058448527, -113.561898550432)"
Sweetgrass School,53.4628542278058,-113.529558086203,"(53.4628542278058, -113.529558086203)"
Highlands Playground,53.5666949472174,-113.433366615057,"(53.5666949472174, -113.433366615057)"
Glenora Playground,53.5466726851173,-113.556901065114,"(53.5466726851173, -113.556901065114)"
Edmonton Chris,53.5561061819305,-113.568091442075,"(53.5561061819305, -113.568091442075)"
Dunluce Community League Playground,53.623679557569,-113.525080511313,"(53.623679557569, -113.525080511313)"
Hazeldean School,53.5032448140866,-113.476767151917,"(53.5032448140866, -113.476767151917)"
St. Richard School,53.4461734603099,-113.429202911275,"(53.4461734603099, -113.429202911275)"
Laurier Park Playground,53.5105076207247,-113.54895072045,"(53.5105076207247, -113.54895072045)"
Ecole Frere Antoine School,53.4601935902766,-113.4487388863,"(53.4601935902766, -113.4487388863)"
Greenfield Community League,53.47356709786,-113.52603423841,"(53.47356709786, -113.52603423841)"
Cardinal Leger,53.6062785276684,-113.47532519199,"(53.6062785276684, -113.47532519199)"
Kenilworth Park,53.5229969718608,-113.437435353139,"(53.5229969718608, -113.437435353139)"
Father L. Green,53.607907563897,-113.457417232658,"(53.607907563897, -113.457417232658)"
Dovercourt Community League Playground,53.5758818157617,-113.559515600876,"(53.5758818157617, -113.559515600876)"
Caernarvon Park,53.6109787600295,-113.528034422734,"(53.6109787600295, -113.528034422734)"
St Clare,53.5718308285726,-113.438136905885,"(53.5718308285726, -113.438136905885)"
Daly Grove School,53.4488644911356,-113.399377786905,"(53.4488644911356, -113.399377786905)"
Michael Strembitsky,53.4140126747726,-113.462573539322,"(53.4140126747726, -113.462573539322)"
Mother Teresa School,53.5519927639425,-113.476071673407,"(53.5519927639425, -113.476071673407)"
Lymburn School Playground,53.5063548703113,-113.64752097684,"(53.5063548703113, -113.64752097684)"
Silver Heights Park,53.532859405762,-113.464641075847,"(53.532859405762, -113.464641075847)"
Father L. Green,53.6071371572817,-113.457123266051,"(53.6071371572817, -113.457123266051)"
Kensington,53.5957654382356,-113.528236355726,"(53.5957654382356, -113.528236355726)"
Sherbrooke Playground,53.574872022769,-113.548259838336,"(53.574872022769, -113.548259838336)"
Jackie Parker Park,53.4842417163253,-113.42195839508,"(53.4842417163253, -113.42195839508)"
Mayliewan (St John Bosco School) Park,53.6220518421883,-113.459293721391,"(53.6220518421883, -113.459293721391)"
St. Patrick School,53.5744760810753,-113.489478362883,"(53.5744760810753, -113.489478362883)"
Brittania Youngstown Community League,53.5484547808017,-113.598117501138,"(53.5484547808017, -113.598117501138)"
Alberta Avenue NW,53.5709901695047,-113.483979271982,"(53.5709901695047, -113.483979271982)"
Dovercourt Community League Playground,53.5760054102976,-113.559473520138,"(53.5760054102976, -113.559473520138)"
Mill Creek,53.5157011471402,-113.480792038171,"(53.5157011471402, -113.480792038171)"
Charles Simmonds Park,53.5155627102707,-113.530710004608,"(53.5155627102707, -113.530710004608)"
Rideau School,53.4778850561509,-113.504645814329,"(53.4778850561509, -113.504645814329)"
St James,53.5139487607303,-113.455883672402,"(53.5139487607303, -113.455883672402)"
Giovanni Caboto,53.5563220705416,-113.484054631437,"(53.5563220705416, -113.484054631437)"
North Glenora Community League,53.554813954319,-113.55753026826,"(53.554813954319, -113.55753026826)"
Falconer Park,53.46315439445,-113.58849465036,"(53.46315439445, -113.58849465036)"
Leger School,53.4591795436861,-113.576805987386,"(53.4591795436861, -113.576805987386)"
Allin Park,53.532623108379,-113.595773545146,"(53.532623108379, -113.595773545146)"
Borden Park,53.561927584479,-113.454116827888,"(53.561927584479, -113.454116827888)"
Queen Mary Park School,53.5556278813137,-113.514451405915,"(53.5556278813137, -113.514451405915)"
Strathearn Park,53.5296189874728,-113.461079477645,"(53.5296189874728, -113.461079477645)"
Delton Tot Lot,53.5795555359984,-113.489400371148,"(53.5795555359984, -113.489400371148)"
Glastonbury Park West,53.5056320692554,-113.672544421285,"(53.5056320692554, -113.672544421285)"
Rutherford Park,53.4202560002858,-113.534757637028,"(53.4202560002858, -113.534757637028)"
Jasper Park Playground,53.5205944879402,-113.584584810425,"(53.5205944879402, -113.584584810425)"
Westwood Community League Park,53.5761369371431,-113.499907492371,"(53.5761369371431, -113.499907492371)"
Prince Charles,53.5784655554332,-113.539783907479,"(53.5784655554332, -113.539783907479)"
Sheriff Robertson Park,53.5591688050069,-113.466365638726,"(53.5591688050069, -113.466365638726)"
J. A. Fife School,53.6111023161257,-113.461698931762,"(53.6111023161257, -113.461698931762)"
Pleasantview Sch,53.4949646388818,-113.50336406243,"(53.4949646388818, -113.50336406243)"
Kilkenny Park/CL Barnett School,53.6100649408082,-113.450796861696,"(53.6100649408082, -113.450796861696)"
Bishop Savaryn School,53.6216076659156,-113.507145427046,"(53.6216076659156, -113.507145427046)"
Woodcroft Tot Lot,53.5677972066471,-113.555859033461,"(53.5677972066471, -113.555859033461)"
Westglen,53.5550044645446,-113.54243225034,"(53.5550044645446, -113.54243225034)"
Victoria Park,53.5339372299407,-113.523658198546,"(53.5339372299407, -113.523658198546)"
Matt Berry,53.6219152065896,-113.431312432402,"(53.6219152065896, -113.431312432402)"
Sherwood Playground,53.5288954236055,-113.587429951242,"(53.5288954236055, -113.587429951242)"
Overlanders Playground,53.5809882474652,-113.387382823878,"(53.5809882474652, -113.387382823878)"
McKernan Park,53.5109149357782,-113.519130356004,"(53.5109149357782, -113.519130356004)"
St Martin,53.4888517713673,-113.52359346513,"(53.4888517713673, -113.52359346513)"
Thorncliff Playground,53.5160789527225,-113.620734402425,"(53.5160789527225, -113.620734402425)"
JP Gillese Pk,53.5034278890575,-113.668995541621,"(53.5034278890575, -113.668995541621)"
Westglen,53.5549502209611,-113.542522065491,"(53.5549502209611, -113.542522065491)"
Academy at King Edward,53.5213586886573,-113.489740919008,"(53.5213586886573, -113.489740919008)"
Larkspur Dry Pond,53.4785604661085,-113.377968622731,"(53.4785604661085, -113.377968622731)"
Donnan Park/Arena,53.515327131203,-113.468686540012,"(53.515327131203, -113.468686540012)"
St. Gregory,53.5521139013941,-113.568845955456,"(53.5521139013941, -113.568845955456)"
Glengarry Park,53.5958256821613,-113.47732093166,"(53.5958256821613, -113.47732093166)"
Clara Tyner School,53.5310193089811,-113.436481804951,"(53.5310193089811, -113.436481804951)"
Evansdale School/Park,53.6104295811375,-113.482752900468,"(53.6104295811375, -113.482752900468)"
Michael Strembitsky,53.413815465555,-113.462554507825,"(53.413815465555, -113.462554507825)"
Eastwood Community League,53.5712070505739,-113.472379196019,"(53.5712070505739, -113.472379196019)"
Lansdowne CL,53.4870094864413,-113.545931490261,"(53.4870094864413, -113.545931490261)"
Brightview School,53.548787643087,-113.587793955406,"(53.548787643087, -113.587793955406)"
Kildare,53.6060912664164,-113.457675891714,"(53.6060912664164, -113.457675891714)"
Inglewood Tot Lot,53.5610507236464,-113.531824745834,"(53.5610507236464, -113.531824745834)"
Homesteader Community League,53.5864069299784,-113.408427567494,"(53.5864069299784, -113.408427567494)"
Grads Park Playground,53.5558655409858,-113.531346579114,"(53.5558655409858, -113.531346579114)"
Athlone Park,53.5891527962411,-113.545916328878,"(53.5891527962411, -113.545916328878)"
Rideau School,53.4780221008703,-113.504646041242,"(53.4780221008703, -113.504646041242)"
Rundle Park,53.5548656615858,-113.38731221698,"(53.5548656615858, -113.38731221698)"
Wellington Park Playground,53.5964809225467,-113.550355381787,"(53.5964809225467, -113.550355381787)"
Kensington Playground,53.5958999151816,-113.530708162229,"(53.5958999151816, -113.530708162229)"
West Meadowlark Community League,53.5293032865669,-113.606725688785,"(53.5293032865669, -113.606725688785)"
Violet Archer Park,53.5068716236871,-113.513460785604,"(53.5068716236871, -113.513460785604)"
Knob Hill Park,53.5317708409665,-113.479719557683,"(53.5317708409665, -113.479719557683)"
Lendrum Place Community League,53.494304016794,-113.523868857385,"(53.494304016794, -113.523868857385)"
Patricia Heights Playground,53.5108374858988,-113.604229685469,"(53.5108374858988, -113.604229685469)"
Oliver Arena/ Community League,53.5456108969534,-113.525814515566,"(53.5456108969534, -113.525814515566)"
Airway Park,53.5607166633735,-113.51446567627,"(53.5607166633735, -113.51446567627)"
Idylwylde/Metro School,53.5221338806523,-113.453259874358,"(53.5221338806523, -113.453259874358)"
Silver Heights Park,53.5327429258004,-113.464942738434,"(53.5327429258004, -113.464942738434)"
Oxford Park,53.6178162507156,-113.547561585966,"(53.6178162507156, -113.547561585966)"
Queen Mary CL,53.5542209694681,-113.524679548259,"(53.5542209694681, -113.524679548259)"
Ambleside,53.4330569465904,-113.603285920099,"(53.4330569465904, -113.603285920099)"
Westmount Back Alley Park,53.5522333061869,-113.547402554592,"(53.5522333061869, -113.547402554592)"
Wedgewood Heights,53.4805350102292,-113.646774262149,"(53.4805350102292, -113.646774262149)"
Empire Park Community League,53.4861737002845,-113.509240783002,"(53.4861737002845, -113.509240783002)"
Spruce Avenue Playground,53.5654160469149,-113.497543081327,"(53.5654160469149, -113.497543081327)"
Royal Gardens Community League,53.4782048141254,-113.535775741972,"(53.4782048141254, -113.535775741972)"
Kitchener Park,53.5441153509427,-113.518853998577,"(53.5441153509427, -113.518853998577)"
Northmount Playground,53.6032389089083,-113.481554944314,"(53.6032389089083, -113.481554944314)"
Montrose Community League,53.5725438951908,-113.433208777288,"(53.5725438951908, -113.433208777288)"
Montrose Community League,53.5725253991892,-113.432944176252,"(53.5725253991892, -113.432944176252)"
CASA Centre,53.4996498527462,-113.506960777588,"(53.4996498527462, -113.506960777588)"
Summerlea Playground,53.5270676470486,-113.623921912848,"(53.5270676470486, -113.623921912848)"
Waverley,53.5236845078095,-113.434189313187,"(53.5236845078095, -113.434189313187)"
Mount Pleasant Park,53.495352599909,-113.50043287686,"(53.495352599909, -113.50043287686)"
Scott Robertson,53.5961613498552,-113.504216277314,"(53.5961613498552, -113.504216277314)"
Crestwood Tot Lot,53.5388694755356,-113.57514094241,"(53.5388694755356, -113.57514094241)"
Garneau Community League,53.5198552907529,-113.513170831608,"(53.5198552907529, -113.513170831608)"
Brander Gardens School,53.4934458533156,-113.577754548448,"(53.4934458533156, -113.577754548448)"
Holy Family,53.4471815588338,-113.403671701987,"(53.4471815588338, -113.403671701987)"
Rutherford Park,53.4200238808567,-113.535001231815,"(53.4200238808567, -113.535001231815)"
Victoria,53.5541384548866,-113.494375640481,"(53.5541384548866, -113.494375640481)"
Lee Ridge School,53.4710125892278,-113.445931863902,"(53.4710125892278, -113.445931863902)"
Glengarry School,53.5956049736513,-113.484664714847,"(53.5956049736513, -113.484664714847)"
Baturyn Park,53.6327658319265,-113.504602338688,"(53.6327658319265, -113.504602338688)"
Canon Ridge,53.5804374793944,-113.378498711598,"(53.5804374793944, -113.378498711598)"
Keheewin School,53.448405672893,-113.502996526083,"(53.448405672893, -113.502996526083)"
St Paul,53.5334904376877,-113.571829294235,"(53.5334904376877, -113.571829294235)"
Elsinore/Chambery Park,53.6411994598625,-113.505620698769,"(53.6411994598625, -113.505620698769)"
Charles Simmonds Park,53.5152660441085,-113.530939001217,"(53.5152660441085, -113.530939001217)"
Blue Quill West,53.4568782513963,-113.539053345612,"(53.4568782513963, -113.539053345612)"
King Edward Pk,53.5135823182302,-113.460781134551,"(53.5135823182302, -113.460781134551)"
Richford,53.4258466010867,-113.507109748356,"(53.4258466010867, -113.507109748356)"
Rundle Park,53.5553265983949,-113.386314096454,"(53.5553265983949, -113.386314096454)"
Glenora Playground,53.5463645883304,-113.557094943581,"(53.5463645883304, -113.557094943581)"
Rainbow Valley Campground,53.4850942057115,-113.5555553998,"(53.4850942057115, -113.5555553998)"
Glenwood Community League,53.5358614701,-113.604899392135,"(53.5358614701, -113.604899392135)"
Lynnwood,53.516414560319,-113.587412879268,"(53.516414560319, -113.587412879268)"
Montrose School,53.5723019952305,-113.435505452244,"(53.5723019952305, -113.435505452244)"
Oxford Park,53.618057979548,-113.547900673669,"(53.618057979548, -113.547900673669)"
Inglewood Playground,53.5661961154005,-113.539410746223,"(53.5661961154005, -113.539410746223)"
Norwood Square,53.5648696050119,-113.487873697637,"(53.5648696050119, -113.487873697637)"
Henri Legay,53.6037401032721,-113.421418690172,"(53.6037401032721, -113.421418690172)"
Chalmers Park Playground,53.5908327394266,-113.534185371863,"(53.5908327394266, -113.534185371863)"
Sherbrooke Playground,53.574813369308,-113.548266468585,"(53.574813369308, -113.548266468585)"
Suder Greens,53.5210092383944,-113.684497661242,"(53.5210092383944, -113.684497661242)"
Crestwood Community League Playground,53.533200314882,-113.569608035274,"(53.533200314882, -113.569608035274)"
McCauley School,53.5531455963685,-113.484036919371,"(53.5531455963685, -113.484036919371)"
Sacred Heart School,53.5545465404064,-113.486560485899,"(53.5545465404064, -113.486560485899)"
Homesteader School,53.5868598317493,-113.412577918552,"(53.5868598317493, -113.412577918552)"
King Edward Pk,53.5135693943115,-113.460369600957,"(53.5135693943115, -113.460369600957)"
Maple Ridge Park,53.5016428629601,-113.368112950293,"(53.5016428629601, -113.368112950293)"
Laurier Heights School Playground,53.5168332129278,-113.567357499614,"(53.5168332129278, -113.567357499614)"
Hairsine Community League,53.6033456863533,-113.390056123539,"(53.6033456863533, -113.390056123539)"
Grovenor Playground,53.5457259754038,-113.568535871434,"(53.5457259754038, -113.568535871434)"
Ambleside,53.4328174200462,-113.603358157434,"(53.4328174200462, -113.603358157434)"
Kilkenny Park/CL Barnett School,53.6104169142049,-113.451252745974,"(53.6104169142049, -113.451252745974)"
James Ramsay Park,53.481071629216,-113.581327459166,"(53.481071629216, -113.581327459166)"
Ermineskin Park,53.4568607399519,-113.506022789136,"(53.4568607399519, -113.506022789136)"
Carlisle Playground,53.6051114455424,-113.524019687312,"(53.6051114455424, -113.524019687312)"
Greenfield Sch,53.4729013541335,-113.526935642163,"(53.4729013541335, -113.526935642163)"
Carlisle Playground,53.605010675683,-113.523743263451,"(53.605010675683, -113.523743263451)"
St. Phillip/Kinsman,53.6091239046429,-113.475416519617,"(53.6091239046429, -113.475416519617)"
"W.C. ""Tubby"" Bateman Park",53.5232082441874,-113.480235660041,"(53.5232082441874, -113.480235660041)"
Montrose Community League,53.572464229727,-113.432870665308,"(53.572464229727, -113.432870665308)"
Woodcroft Playground,53.5649988499212,-113.561878138397,"(53.5649988499212, -113.561878138397)"
Wedgewood Heights,53.4801514235607,-113.647151570026,"(53.4801514235607, -113.647151570026)"
Malmo Plains School,53.4852152930688,-113.530228488327,"(53.4852152930688, -113.530228488327)"
Glendale School,53.5366244429708,-113.600490729898,"(53.5366244429708, -113.600490729898)"
Secord Playground,53.5334309060095,-113.691524660279,"(53.5334309060095, -113.691524660279)"
Emily Murphy Park,53.5341652169767,-113.538733200659,"(53.5341652169767, -113.538733200659)"
Winterburn School Playground,53.5340929302775,-113.687538964491,"(53.5340929302775, -113.687538964491)"
Cumberland Park,53.6109090158929,-113.544772170923,"(53.6109090158929, -113.544772170923)"
Malcolm Tweddle School,53.476746352298,-113.457027275063,"(53.476746352298, -113.457027275063)"
Ottewell Community League,53.5307263529717,-113.424173892771,"(53.5307263529717, -113.424173892771)"
Charles Simmonds Park,53.5155815222148,-113.531032146586,"(53.5155815222148, -113.531032146586)"
Laurier Park Playground,53.5094455144621,-113.553262862526,"(53.5094455144621, -113.553262862526)"
Kittlitz Park,53.4699336155687,-113.385035272063,"(53.4699336155687, -113.385035272063)"
William Hawrelak Park,53.5270234276661,-113.543955397904,"(53.5270234276661, -113.543955397904)"
Wellington Park Playground,53.5965864255591,-113.550727271049,"(53.5965864255591, -113.550727271049)"
Donnan Park/Arena,53.5155466844324,-113.469053949494,"(53.5155466844324, -113.469053949494)"
Idylwylde Park,53.5232868608233,-113.451563103172,"(53.5232868608233, -113.451563103172)"
Rosslyn Playground,53.5940022283468,-113.512077482597,"(53.5940022283468, -113.512077482597)"
Mount Royal,53.5673895653233,-113.424240185928,"(53.5673895653233, -113.424240185928)"
Ozerna Park,53.62085846429,-113.448621647163,"(53.62085846429, -113.448621647163)"
Mayliewan (St John Bosco School) Park,53.6222463676142,-113.459055356794,"(53.6222463676142, -113.459055356794)"
Silverberry Park,53.4577975995974,-113.384491282277,"(53.4577975995974, -113.384491282277)"
Brookside School,53.491246558577,-113.568701684807,"(53.491246558577, -113.568701684807)"
Weinlos School,53.4612134072671,-113.415757009031,"(53.4612134072671, -113.415757009031)"
Glastonbury Park (The Grange),53.5066706731918,-113.667579936397,"(53.5066706731918, -113.667579936397)"
Calder School Playground,53.5890426973643,-113.526361602562,"(53.5890426973643, -113.526361602562)"
Brittania Youngstown Community League,53.5483924449901,-113.597820947238,"(53.5483924449901, -113.597820947238)"
Richfield Tot Lot,53.4729948848007,-113.457498323752,"(53.4729948848007, -113.457498323752)"
Alex Taylor,53.5466180286308,-113.47633310565,"(53.5466180286308, -113.47633310565)"
Klarvatten,53.6331284414331,-113.475356453743,"(53.6331284414331, -113.475356453743)"
McKernan School,53.5138150840613,-113.523300777634,"(53.5138150840613, -113.523300777634)"
Eastwood School,53.5748536510118,-113.464877931517,"(53.5748536510118, -113.464877931517)"
Rideau School,53.4780144402258,-113.504990305164,"(53.4780144402258, -113.504990305164)"
Richard Secord,53.4773955885055,-113.533503690505,"(53.4773955885055, -113.533503690505)"
Windsor Park School,53.5236150033059,-113.535984644622,"(53.5236150033059, -113.535984644622)"
Prog. Academy,53.5500821804985,-113.550125881174,"(53.5500821804985, -113.550125881174)"
Dechene Playground,53.4914292960343,-113.637013345037,"(53.4914292960343, -113.637013345037)"
Kameyosek School,53.4612386507858,-113.443343852404,"(53.4612386507858, -113.443343852404)"
Duncan Innes Park,53.5163099639391,-113.452552192373,"(53.5163099639391, -113.452552192373)"
St Catherine,53.5559102128569,-113.509512058062,"(53.5559102128569, -113.509512058062)"
Horsehill School/Playground,53.6572023408501,-113.342963567022,"(53.6572023408501, -113.342963567022)"
Parkdale School,53.5676648446836,-113.472189653034,"(53.5676648446836, -113.472189653034)"
Afton School,53.5267837166711,-113.608844198529,"(53.5267837166711, -113.608844198529)"
Allendale School,53.5009729847977,-113.502439703183,"(53.5009729847977, -113.502439703183)"
Terwillegar South,53.4427067921882,-113.587151471417,"(53.4427067921882, -113.587151471417)"
Glenora,53.5441279793747,-113.555319289816,"(53.5441279793747, -113.555319289816)"
Miller Park,53.6124340128389,-113.415915729177,"(53.6124340128389, -113.415915729177)"
Glengarry School,53.5955542851115,-113.484685432495,"(53.5955542851115, -113.484685432495)"
Kildare Park,53.6055673154672,-113.456314343609,"(53.6055673154672, -113.456314343609)"
McQueen Community League,53.5541398224469,-113.570281894193,"(53.5541398224469, -113.570281894193)"
York Community League/Steele Heights,53.6020690949279,-113.433407501859,"(53.6020690949279, -113.433407501859)"
Brightview Community League,53.5484829591141,-113.587363404294,"(53.5484829591141, -113.587363404294)"
Dovercourt,53.57415896213,-113.562105753001,"(53.57415896213, -113.562105753001)"
Westridge Playground,53.5065108306924,-113.605211636355,"(53.5065108306924, -113.605211636355)"
Jackie Parker Park,53.4844571063259,-113.424477326676,"(53.4844571063259, -113.424477326676)"
Mayfield Community League Playground,53.5552375293965,-113.595546200415,"(53.5552375293965, -113.595546200415)"
Calder Community League Playground,53.5863156178308,-113.528280010116,"(53.5863156178308, -113.528280010116)"
Allendale School,53.5007319860412,-113.502883651724,"(53.5007319860412, -113.502883651724)"
Ambleside,53.4330990982809,-113.603969528196,"(53.4330990982809, -113.603969528196)"
Kiniski Gardens School,53.4778012061106,-113.404160973924,"(53.4778012061106, -113.404160973924)"
Touchdown Pk,53.5873827120228,-113.537616817331,"(53.5873827120228, -113.537616817331)"
Michaels Park,53.4797033599093,-113.448073803619,"(53.4797033599093, -113.448073803619)"
McKee School,53.4874600764209,-113.509933444018,"(53.4874600764209, -113.509933444018)"
Rosslyn Playground,53.594135667659,-113.512245758105,"(53.594135667659, -113.512245758105)"
Youngstown,53.5461052893017,-113.603906462694,"(53.5461052893017, -113.603906462694)"
Father Lacombe,53.5907843154126,-113.506354955474,"(53.5907843154126, -113.506354955474)"
Strathcona Communuty League,53.5225504689564,-113.492842102568,"(53.5225504689564, -113.492842102568)"
Rutherford Park,53.4200419881636,-113.534371648748,"(53.4200419881636, -113.534371648748)"
Parkview Playground,53.5254048167694,-113.569512455699,"(53.5254048167694, -113.569512455699)"
Killarney Park,53.5906228171205,-113.475012922458,"(53.5906228171205, -113.475012922458)"
Charles Simmonds Park,53.5153169010448,-113.530810531024,"(53.5153169010448, -113.530810531024)"
Parkview,53.526000849385,-113.567654237895,"(53.526000849385, -113.567654237895)"
Bannerman Park,53.6041719012862,-113.378781901601,"(53.6041719012862, -113.378781901601)"
Rundle Park,53.5551604125867,-113.386348432921,"(53.5551604125867, -113.386348432921)"
Blackburne,53.4294385085073,-113.499436684777,"(53.4294385085073, -113.499436684777)"
McKernan School,53.5137149812771,-113.52356568402,"(53.5137149812771, -113.52356568402)"
Ecole Ste. Jeanne D'Arc,53.5208102026871,-113.430429378373,"(53.5208102026871, -113.430429378373)"
Ekota School,53.4501258885079,-113.442054312098,"(53.4501258885079, -113.442054312098)"
Lorelei Playground,53.6231419400184,-113.501693447779,"(53.6231419400184, -113.501693447779)"
Mayliewan (St John Bosco School) Park,53.6221849199772,-113.459296009119,"(53.6221849199772, -113.459296009119)"
Delton Community League,53.5797213376235,-113.475625586304,"(53.5797213376235, -113.475625586304)"
Castle Downs Park,53.6168314299709,-113.52553329987,"(53.6168314299709, -113.52553329987)"
Hardisty,53.5481861383624,-113.429560667638,"(53.5481861383624, -113.429560667638)"
Terrace Heights School,53.5394522648329,-113.435396991833,"(53.5394522648329, -113.435396991833)"
Lago Lindo,53.6347896734116,-113.487443061588,"(53.6347896734116, -113.487443061588)"
MacEwan,53.4294611903819,-113.530178339281,"(53.4294611903819, -113.530178339281)"
Miller Park,53.6128305922273,-113.416081713255,"(53.6128305922273, -113.416081713255)"
Sheriff Robertson Park,53.559238435524,-113.466021441531,"(53.559238435524, -113.466021441531)"
Kinross-Kerr Park,53.4759480750935,-113.596586385057,"(53.4759480750935, -113.596586385057)"
Fulton Place Community League,53.5462796645323,-113.425956157279,"(53.5462796645323, -113.425956157279)"
Hairsine Community League,53.6037900079176,-113.390787861328,"(53.6037900079176, -113.390787861328)"
Forest Heights Park,53.5510663985172,-113.445389958239,"(53.5510663985172, -113.445389958239)"
Crestwood Plgd,53.5344299849455,-113.570125457317,"(53.5344299849455, -113.570125457317)"
Horsehill School/Playground,53.6572003466656,-113.343206783695,"(53.6572003466656, -113.343206783695)"
High Park Community League Playground,53.5573001767659,-113.588494307722,"(53.5573001767659, -113.588494307722)"
Laurel Park,53.4513924396511,-113.39018453977,"(53.4513924396511, -113.39018453977)"
Ekota School,53.4500594538292,-113.442467894141,"(53.4500594538292, -113.442467894141)"
Alberta Avenue NW,53.5712758533923,-113.48383182566,"(53.5712758533923, -113.48383182566)"
Dunluce,53.6224260076515,-113.52832312601,"(53.6224260076515, -113.52832312601)"
Calder School Playground,53.5886823302845,-113.526451254556,"(53.5886823302845, -113.526451254556)"
Greenfield Sch,53.4725137164023,-113.525809699602,"(53.4725137164023, -113.525809699602)"
Sweetgrass School,53.4630295155769,-113.52901520693,"(53.4630295155769, -113.52901520693)"
Jackie Parker Park,53.4840667428936,-113.421602845873,"(53.4840667428936, -113.421602845873)"
Grace Martin School,53.4690523838274,-113.455334593394,"(53.4690523838274, -113.455334593394)"
Rideau School,53.4785106845509,-113.504728224317,"(53.4785106845509, -113.504728224317)"
Parkallen,53.5036578629529,-113.518982399085,"(53.5036578629529, -113.518982399085)"
Jackie Parker Park,53.4843930753951,-113.423195286564,"(53.4843930753951, -113.423195286564)"
Lendrum/Avalon School,53.4913109840351,-113.523092886068,"(53.4913109840351, -113.523092886068)"
Kernohan,53.5934341023094,-113.383565248013,"(53.5934341023094, -113.383565248013)"
Gordon Drynan Park,53.54611249174,-113.609439601119,"(53.54611249174, -113.609439601119)"
Kildare Park,53.605775730924,-113.456182091095,"(53.605775730924, -113.456182091095)"
Terwillegar Town Residents Assoc Playground,53.4536051711353,-113.584980497127,"(53.4536051711353, -113.584980497127)"
High Park School Playground,53.5561219213586,-113.586733459293,"(53.5561219213586, -113.586733459293)"
Elmwood Community League,53.515916247671,-113.605977696899,"(53.515916247671, -113.605977696899)"
Ritchie Park,53.513952799555,-113.481437238881,"(53.513952799555, -113.481437238881)"
Mcleod Park,53.6096309421059,-113.430957470143,"(53.6096309421059, -113.430957470143)"
Baturyn Park,53.6326498946779,-113.504607809679,"(53.6326498946779, -113.504607809679)"
Jackson Heights Park,53.4833499817974,-113.407418900848,"(53.4833499817974, -113.407418900848)"
George Luck School,53.47299084353,-113.572824237139,"(53.47299084353, -113.572824237139)"
Centennial School (Gariepy),53.493503899625,-113.623456419828,"(53.493503899625, -113.623456419828)"
Keyano Park,53.589735873693,-113.527318455509,"(53.589735873693, -113.527318455509)"
Nu-west Park,53.4516840915858,-113.423904636956,"(53.4516840915858, -113.423904636956)"
Gallagher Park,53.535937427887,-113.472699990444,"(53.535937427887, -113.472699990444)"
Richfield,53.4689470650554,-113.452402397253,"(53.4689470650554, -113.452402397253)"
Monsignor Walter Fitzgerald,53.5055758816637,-113.635043480055,"(53.5055758816637, -113.635043480055)"
Evansdale School/Park,53.6104024417134,-113.482618879765,"(53.6104024417134, -113.482618879765)"
Granite Park,53.5225222089418,-113.507642181876,"(53.5225222089418, -113.507642181876)"
Mount Pleasant Park,53.495346121701,-113.500549567969,"(53.495346121701, -113.500549567969)"
Silver Heights Park,53.5327218399811,-113.4646242143,"(53.5327218399811, -113.4646242143)"
Larkspur Park,53.480401139356,-113.387083263274,"(53.480401139356, -113.387083263274)"
Prince Rupert School,53.5622805464971,-113.519541571461,"(53.5622805464971, -113.519541571461)"
Kenilworth Park,53.5226909602426,-113.437650055946,"(53.5226909602426, -113.437650055946)"
Coronation,53.5555289533817,-113.560354270244,"(53.5555289533817, -113.560354270244)"
Glengarry Day C,53.594318466634,-113.475831762943,"(53.594318466634, -113.475831762943)"
Fraser School/Park,53.6106004599809,-113.372575315276,"(53.6106004599809, -113.372575315276)"
Westmount Playground,53.5558970038768,-113.541624478658,"(53.5558970038768, -113.541624478658)"
Lorne Street Park,53.5630064037024,-113.482136069623,"(53.5630064037024, -113.482136069623)"
Norwood School,53.5600688839002,-113.488365707874,"(53.5600688839002, -113.488365707874)"
Mount Royal,53.5684241765045,-113.425069451506,"(53.5684241765045, -113.425069451506)"
Hillview School,53.4682169812895,-113.426703131101,"(53.4682169812895, -113.426703131101)"
Mt. Royal Sch,53.5688063522956,-113.424645866461,"(53.5688063522956, -113.424645866461)"
St Teresa,53.458047008574,-113.527943871066,"(53.458047008574, -113.527943871066)"
John A McDougall,53.5552485200711,-113.5060666016,"(53.5552485200711, -113.5060666016)"
Gold Bar Community League,53.5485858457427,-113.413604009249,"(53.5485858457427, -113.413604009249)"
Sifton School Park,53.594124193901,-113.409378867292,"(53.594124193901, -113.409378867292)"
Mary Finlay Park,53.5434658411327,-113.451560085541,"(53.5434658411327, -113.451560085541)"
Westglen,53.5548474883185,-113.542409305892,"(53.5548474883185, -113.542409305892)"
Oliver School,53.5435423624284,-113.523328260431,"(53.5435423624284, -113.523328260431)"
Earl Buxton School,53.474726996786,-113.583929736659,"(53.474726996786, -113.583929736659)"
Ambleside,53.4328807852557,-113.604042501566,"(53.4328807852557, -113.604042501566)"
Henderson Park,53.4688600319136,-113.597832624684,"(53.4688600319136, -113.597832624684)"
St Justins,53.517221543696,-113.622172195467,"(53.517221543696, -113.622172195467)"
Laurier Park Playground,53.5100599014912,-113.549517989672,"(53.5100599014912, -113.549517989672)"
Ambleside,53.432772845029,-113.603036837771,"(53.432772845029, -113.603036837771)"
St Stanislaus,53.4739872470518,-113.524705531308,"(53.4739872470518, -113.524705531308)"
Prince Charles Playground,53.5745034705237,-113.537381837903,"(53.5745034705237, -113.537381837903)"
Giovanni Caboto,53.5566079138181,-113.483971210983,"(53.5566079138181, -113.483971210983)"
Lilliput Park,53.5100897960546,-113.479391984389,"(53.5100897960546, -113.479391984389)"
Creek's Crossing Park/Blessed Kateri,53.4752662859925,-113.400146556209,"(53.4752662859925, -113.400146556209)"
Glenora,53.5440117674137,-113.554941445257,"(53.5440117674137, -113.554941445257)"
Parkdale Community League,53.5629862765137,-113.471429299649,"(53.5629862765137, -113.471429299649)"
Ottewell Community League,53.530908339663,-113.423960257599,"(53.530908339663, -113.423960257599)"
Bisset School,53.4618504108406,-113.399427284166,"(53.4618504108406, -113.399427284166)"
Rio Terrace Playground,53.5082367033809,-113.58939939405,"(53.5082367033809, -113.58939939405)"
Empire Park Community League,53.4860907324909,-113.508575873335,"(53.4860907324909, -113.508575873335)"
Our Lady of Mount Carmel,53.5131797676119,-113.502321352232,"(53.5131797676119, -113.502321352232)"
Gold Bar Condos,53.5426478500425,-113.409778972569,"(53.5426478500425, -113.409778972569)"
Rossdale,53.5307199616765,-113.491303221893,"(53.5307199616765, -113.491303221893)"
Rundle Park,53.5549604459904,-113.386510019963,"(53.5549604459904, -113.386510019963)"
Windsor Park Community League,53.5233630477787,-113.535655820237,"(53.5233630477787, -113.535655820237)"
St. Edmund School Playground,53.5908322230613,-113.524671930155,"(53.5908322230613, -113.524671930155)"
Greenview,53.4745704423127,-113.428297466912,"(53.4745704423127, -113.428297466912)"
Kinross-Kerr Park,53.4761538662638,-113.596675346342,"(53.4761538662638, -113.596675346342)"
Menisa School,53.4427778377615,-113.447319072051,"(53.4427778377615, -113.447319072051)"
St Maria Goretti,53.5857532056419,-113.407081196427,"(53.5857532056419, -113.407081196427)"
Laurier Heights School Playground,53.5170743135599,-113.567126059082,"(53.5170743135599, -113.567126059082)"
Queen Elizabeth Park,53.5253369651201,-113.49472040709,"(53.5253369651201, -113.49472040709)"
Riverdale School,53.5434082377412,-113.467643721516,"(53.5434082377412, -113.467643721516)"
Tipaskan School,53.462792352408,-113.460435097819,"(53.462792352408, -113.460435097819)"
Castle Downs Park,53.6164022840662,-113.525632868542,"(53.6164022840662, -113.525632868542)"
Argyll Park,53.5051807117684,-113.463655118512,"(53.5051807117684, -113.463655118512)"
Garneau School West,53.5222047476568,-113.514852779907,"(53.5222047476568, -113.514852779907)"
Donnan Park/Arena,53.5153386504772,-113.46850125779,"(53.5153386504772, -113.46850125779)"
Forest Heights Park,53.5453725626722,-113.453694386635,"(53.5453725626722, -113.453694386635)"
Potter Greens Playground #1,53.5193590760122,-113.666854057128,"(53.5193590760122, -113.666854057128)"
St. Alphonsus School,53.5681463767186,-113.466914952034,"(53.5681463767186, -113.466914952034)"
Ozerna Park,53.620889123586,-113.448675093341,"(53.620889123586, -113.448675093341)"
Prince Rupert School,53.5622267035219,-113.519615872448,"(53.5622267035219, -113.519615872448)"
Caernarvon Tot Lot B,53.6098101541451,-113.520341603238,"(53.6098101541451, -113.520341603238)"
George Luck School,53.4729095228244,-113.573108227451,"(53.4729095228244, -113.573108227451)"
King Edward Pk,53.513850850149,-113.460474139559,"(53.513850850149, -113.460474139559)"
Rosslyn Tot Playground,53.5981780394204,-113.498446198274,"(53.5981780394204, -113.498446198274)"
Satoo School,53.4462642896025,-113.459113156768,"(53.4462642896025, -113.459113156768)"
Mother Teresa School,53.5518585110953,-113.476087513546,"(53.5518585110953, -113.476087513546)"
William Hawrelak Park,53.5267438315686,-113.544062461235,"(53.5267438315686, -113.544062461235)"
Overlanders Playground,53.5811288613129,-113.387773441604,"(53.5811288613129, -113.387773441604)"
Edmonton Chris,53.5560707170004,-113.567634562221,"(53.5560707170004, -113.567634562221)"
Virginia Park School,53.5604190722384,-113.449744064193,"(53.5604190722384, -113.449744064193)"
Gold Bar Sch,53.5495120490324,-113.414334669653,"(53.5495120490324, -113.414334669653)"
Westmount Back Alley Park,53.552329170835,-113.547237171382,"(53.552329170835, -113.547237171382)"
Prince Charles Playground,53.5744580316731,-113.536756793051,"(53.5744580316731, -113.536756793051)"
Elmwood Community League,53.5161702042388,-113.605653520511,"(53.5161702042388, -113.605653520511)"
Newton School,53.5761823053224,-113.427416940467,"(53.5761823053224, -113.427416940467)"
Lendrum/Avalon School,53.491284970565,-113.522878302517,"(53.491284970565, -113.522878302517)"
St Pius X,53.577432966482,-113.544065230747,"(53.577432966482, -113.544065230747)"
Groat Playground,53.5501351844836,-113.538829644594,"(53.5501351844836, -113.538829644594)"
Grandview School,53.4990973703966,-113.546199846865,"(53.4990973703966, -113.546199846865)"
Chappelle Main,53.3994036813666,-113.572090468107,"(53.3994036813666, -113.572090468107)"
Mayliewan (St John Bosco School) Park,53.6220771401057,-113.459310764346,"(53.6220771401057, -113.459310764346)"
William Hawrelak Park,53.5267899623834,-113.544553007656,"(53.5267899623834, -113.544553007656)"
Grandin School,53.5369921536464,-113.511270195939,"(53.5369921536464, -113.511270195939)"
Mee-Yah-Noh School,53.5875659202589,-113.482802228157,"(53.5875659202589, -113.482802228157)"
Northmount,53.6033340849455,-113.477589251595,"(53.6033340849455, -113.477589251595)"
Michael Strembitsky,53.4136493615638,-113.462538478242,"(53.4136493615638, -113.462538478242)"
Maude Belle Park,53.5138086014338,-113.441115321702,"(53.5138086014338, -113.441115321702)"
Greenfield Sch,53.4726711933143,-113.526172208157,"(53.4726711933143, -113.526172208157)"
Sakaw School,53.4409513650324,-113.430072919812,"(53.4409513650324, -113.430072919812)"
Parkview Playground,53.5252064198081,-113.569721553297,"(53.5252064198081, -113.569721553297)"
St. Boniface,53.4773122078377,-113.537266120302,"(53.4773122078377, -113.537266120302)"
Malmo Plains School,53.4850781875286,-113.530391278258,"(53.4850781875286, -113.530391278258)"
Twin Brooks,53.443317306206,-113.526948170029,"(53.443317306206, -113.526948170029)"
Westview Village School Playground,53.5530233483147,-113.692364797091,"(53.5530233483147, -113.692364797091)"
Ogilvie Ridge Community,53.463321701444,-113.562178074695,"(53.463321701444, -113.562178074695)"
Meyonohk School,53.4550616302163,-113.456588334831,"(53.4550616302163, -113.456588334831)"
Skyrattler School,53.4505690310754,-113.524147323812,"(53.4505690310754, -113.524147323812)"
Elmwood Park Community League,53.5815888858781,-113.456686809683,"(53.5815888858781, -113.456686809683)"
Grandview School,53.4988881193325,-113.546773837747,"(53.4988881193325, -113.546773837747)"
Laurier Heights Community Playground,53.5164949472945,-113.569721484214,"(53.5164949472945, -113.569721484214)"
Allendale School,53.5009234466045,-113.502801446102,"(53.5009234466045, -113.502801446102)"
Dr. Francis Crang Park,53.4866651078922,-113.501677250397,"(53.4866651078922, -113.501677250397)"
Haddow Park,53.4534947490755,-113.597002940965,"(53.4534947490755, -113.597002940965)"
James Ramsay Park,53.4809466403884,-113.581301114434,"(53.4809466403884, -113.581301114434)"
MacEwan,53.4294790959572,-113.53035739449,"(53.4294790959572, -113.53035739449)"
Crawford Plains School,53.4408913257017,-113.404398528068,"(53.4408913257017, -113.404398528068)"
Jackie Parker Park,53.4838942789538,-113.421487854218,"(53.4838942789538, -113.421487854218)"
John Paul School,53.4718192666242,-113.426788070562,"(53.4718192666242, -113.426788070562)"
Holy Family,53.4470688978581,-113.40381316005,"(53.4470688978581, -113.40381316005)"
Coronation,53.5553318199427,-113.56062168125,"(53.5553318199427, -113.56062168125)"
Meyokumin School,53.4500658379431,-113.429408694857,"(53.4500658379431, -113.429408694857)"
Fulton PIace School,53.5453778589953,-113.425483203927,"(53.5453778589953, -113.425483203927)"
Westwood Arena Park,53.5739650396223,-113.493026643014,"(53.5739650396223, -113.493026643014)"
Lorelei Playground,53.62328363351,-113.501398610933,"(53.62328363351, -113.501398610933)"
Mayliewan (St John Bosco School) Park,53.6218750463226,-113.459069920763,"(53.6218750463226, -113.459069920763)"
Suder Greens,53.5209374006981,-113.684542886067,"(53.5209374006981, -113.684542886067)"
Rundle Park,53.5551137588992,-113.386151748549,"(53.5551137588992, -113.386151748549)"
Robert Carter Park,53.4643410667399,-113.574982582056,"(53.4643410667399, -113.574982582056)"
Terrace Heights Park,53.5433981923448,-113.433943941228,"(53.5433981923448, -113.433943941228)"
Hodgson Park,53.4585920918042,-113.558903450533,"(53.4585920918042, -113.558903450533)"
Rundle Park,53.5551387936513,-113.386036758477,"(53.5551387936513, -113.386036758477)"
St Monica,53.4907026943676,-113.573483135892,"(53.4907026943676, -113.573483135892)"
St. Faith Tot Lot,53.5692811405999,-113.483122485384,"(53.5692811405999, -113.483122485384)"
St Brendan,53.5301148931944,-113.424346398496,"(53.5301148931944, -113.424346398496)"
Day Care,53.4874348539482,-113.545421358697,"(53.4874348539482, -113.545421358697)"
Rosslyn Tot Playground,53.597944728756,-113.498717540634,"(53.597944728756, -113.498717540634)"
Woodcroft Sch,53.5671889816457,-113.560750336013,"(53.5671889816457, -113.560750336013)"
Kitchener Park,53.5443313921856,-113.518767388793,"(53.5443313921856, -113.518767388793)"
Ecole Frere Antoine School,53.4600933996475,-113.448956810343,"(53.4600933996475, -113.448956810343)"
Sifton Park Elementary School,53.594096709518,-113.407539582888,"(53.594096709518, -113.407539582888)"
Lauderdale Playground,53.5886424661748,-113.503331049452,"(53.5886424661748, -113.503331049452)"
Tipaskan School,53.4626083792782,-113.459940073634,"(53.4626083792782, -113.459940073634)"
La Perle Playground,53.5333668903788,-113.644003568231,"(53.5333668903788, -113.644003568231)"
Minchau School,53.4688929109207,-113.40877413245,"(53.4688929109207, -113.40877413245)"
Zoie Gardner Park,53.585688054309,-113.45048516896,"(53.585688054309, -113.45048516896)"
Arthur Elliot Park Playground,53.5335289343028,-113.584400642671,"(53.5335289343028, -113.584400642671)"
Ellerslie Crossing,53.4289840421675,-113.459037613831,"(53.4289840421675, -113.459037613831)"
Lynnwood Playground,53.5162384648022,-113.589804101752,"(53.5162384648022, -113.589804101752)"
Lansdowne CL,53.4868354534267,-113.546045676465,"(53.4868354534267, -113.546045676465)"
St Catherine,53.556162507932,-113.508946093054,"(53.556162507932, -113.508946093054)"
Our Lady of Vic,53.5142662883143,-113.594936219927,"(53.5142662883143, -113.594936219927)"
Elsinore/Chambery Park,53.6409862694981,-113.505933365019,"(53.6409862694981, -113.505933365019)"
St. Dominic School,53.6058552338087,-113.433657248477,"(53.6058552338087, -113.433657248477)"
Belgravia Community League,53.5094600580677,-113.530850704807,"(53.5094600580677, -113.530850704807)"
Bergman Park,53.578992716638,-113.408684360872,"(53.578992716638, -113.408684360872)"
Our Lady of the Prairies Playground,53.4994850407117,-113.62424524022,"(53.4994850407117, -113.62424524022)"
Kenilworth Park,53.5226414689817,-113.437443078595,"(53.5226414689817, -113.437443078595)"
Greenfield Sch,53.4725848094407,-113.525917678478,"(53.4725848094407, -113.525917678478)"
Castle Downs Park,53.6166815926961,-113.525274753647,"(53.6166815926961, -113.525274753647)"
St Vincent,53.54861895731,-113.560782861896,"(53.54861895731, -113.560782861896)"
Pleasantview Sch,53.4949954483756,-113.504189466209,"(53.4949954483756, -113.504189466209)"
William Hawrelak Park,53.5269852215258,-113.544235274465,"(53.5269852215258, -113.544235274465)"
Dechene Playground,53.4914068517114,-113.636819783254,"(53.4914068517114, -113.636819783254)"
Glastonbury Park West,53.505632774496,-113.672639062597,"(53.505632774496, -113.672639062597)"
St. Angela School,53.5955193128198,-113.551362153213,"(53.5955193128198, -113.551362153213)"
Jamieson Place Playground,53.490291042952,-113.650955206725,"(53.490291042952, -113.650955206725)"
Castle Downs Park,53.6167267889215,-113.525636697778,"(53.6167267889215, -113.525636697778)"
Monsignor Walter Fitzgerald,53.5053386653669,-113.635275196223,"(53.5053386653669, -113.635275196223)"
Westridge Playground,53.5063333621477,-113.605353095951,"(53.5063333621477, -113.605353095951)"
Hudson Park,53.6075231192999,-113.556305643179,"(53.6075231192999, -113.556305643179)"
Central McDougall,53.55520564327,-113.503861026616,"(53.55520564327, -113.503861026616)"
Parkdale School,53.5676882209057,-113.472182892038,"(53.5676882209057, -113.472182892038)"
Kirkness School/Park,53.6117146840429,-113.385088012399,"(53.6117146840429, -113.385088012399)"
Abbotsfield Playground,53.5736014333652,-113.389812597068,"(53.5736014333652, -113.389812597068)"
Major General Griesbach - Central Park,53.6060943573074,-113.497999536826,"(53.6060943573074, -113.497999536826)"
Rundle Park,53.5550687813413,-113.386828179582,"(53.5550687813413, -113.386828179582)"
JH Picard,53.5069309479612,-113.485144053896,"(53.5069309479612, -113.485144053896)"
Fulton PIace School,53.5453703007154,-113.425502335162,"(53.5453703007154, -113.425502335162)"
Holyrood School,53.5310851882666,-113.450709749109,"(53.5310851882666, -113.450709749109)"
Caernarvon Tot Lot A,53.608620195829,-113.532914828071,"(53.608620195829, -113.532914828071)"
Ormsby,53.4988917924876,-113.6392340676,"(53.4988917924876, -113.6392340676)"
Borden Park,53.5618329937169,-113.454130702543,"(53.5618329937169, -113.454130702543)"
Centennial School (Gariepy),53.4934709495915,-113.622975623471,"(53.4934709495915, -113.622975623471)"
Garneau School West,53.522108535067,-113.514668333494,"(53.522108535067, -113.514668333494)"
Blackburne,53.4293906773436,-113.499469586003,"(53.4293906773436, -113.499469586003)"
Ellingson Park,53.5031636621797,-113.51773836712,"(53.5031636621797, -113.51773836712)"
Mayliewan (St John Bosco School) Park,53.6221636135868,-113.459030969469,"(53.6221636135868, -113.459030969469)"
Laurier Park Playground,53.5104407387321,-113.548818542286,"(53.5104407387321, -113.548818542286)"
Ormsby Playground,53.4974827607719,-113.636927247976,"(53.4974827607719, -113.636927247976)"
Greenview Sch,53.4736402859405,-113.42644805604,"(53.4736402859405, -113.42644805604)"
Mother Teresa School,53.5518447114317,-113.476138141518,"(53.5518447114317, -113.476138141518)"
Glengarry Park,53.5958536769395,-113.47663503457,"(53.5958536769395, -113.47663503457)"
Creek's Crossing Park/Blessed Kateri,53.4755930411186,-113.400569093653,"(53.4755930411186, -113.400569093653)"
Jackie Parker Park,53.4841002507503,-113.421967165513,"(53.4841002507503, -113.421967165513)"
Greenfield Community League,53.47338551018,-113.525996655577,"(53.47338551018, -113.525996655577)"
St. Clements School,53.4459317711193,-113.448453162468,"(53.4459317711193, -113.448453162468)"
Edmonton Chris,53.5557094760121,-113.567857426335,"(53.5557094760121, -113.567857426335)"
St. Mary,53.4758149046897,-113.586224110986,"(53.4758149046897, -113.586224110986)"
Lendrum Place Community League,53.4939686625946,-113.524165217826,"(53.4939686625946, -113.524165217826)"
Potter Greens Playground #2,53.5176899296262,-113.67523400203,"(53.5176899296262, -113.67523400203)"
St. Gerard School,53.580182442272,-113.46975618499,"(53.580182442272, -113.46975618499)"
Albert G. Nickel Park Playground,53.5970350481471,-113.559739023156,"(53.5970350481471, -113.559739023156)"
Charles Simmonds Park,53.5156860148455,-113.531020675576,"(53.5156860148455, -113.531020675576)"
Giovanni Caboto,53.556315592044,-113.484137430389,"(53.556315592044, -113.484137430389)"
Silverberry Park,53.4575157323914,-113.384321021645,"(53.4575157323914, -113.384321021645)"
Cumberland Park,53.6109439938618,-113.544422148131,"(53.6109439938618, -113.544422148131)"
McQueen Playground,53.5555704559002,-113.571156071072,"(53.5555704559002, -113.571156071072)"
Kinsmen Park Senior,53.5269082993072,-113.509423945497,"(53.5269082993072, -113.509423945497)"
Blue Quill Community,53.4580005182377,-113.524493549248,"(53.4580005182377, -113.524493549248)"
Kinsmen Park Senior,53.527296227718,-113.509168384133,"(53.527296227718, -113.509168384133)"
Gabrielle Roy School,53.5299895028945,-113.461906148317,"(53.5299895028945, -113.461906148317)"
Tipton Park,53.5164522068726,-113.510134791963,"(53.5164522068726, -113.510134791963)"
Kinsmen Park Junior,53.5265579360986,-113.508764838902,"(53.5265579360986, -113.508764838902)"
Kinsmen Park Senior,53.5267507704198,-113.508920957929,"(53.5267507704198, -113.508920957929)"
Blair McPherson,53.4688758546582,-113.362642934912,"(53.4688758546582, -113.362642934912)"
Orchards,53.4116253895665,-113.47115762191,"(53.4116253895665, -113.47115762191)"
Magrath Heights,53.449598848588,-113.559665234195,"(53.449598848588, -113.559665234195)"
King Edward School,53.5213045217076,-113.492694992143,"(53.5213045217076, -113.492694992143)"
Talmud Torah,53.4993941861428,-113.621780006177,"(53.4993941861428, -113.621780006177)"
Queen Alexandra,53.513359913687,-113.504788818793,"(53.513359913687, -113.504788818793)"
Tipton Park,53.5164921703503,-113.510653619144,"(53.5164921703503, -113.510653619144)"
Carlton Park/Elizabeth Finch School,53.6200236477809,-113.559801851969,"(53.6200236477809, -113.559801851969)"
Abbott School,53.574710171649,-113.392323752927,"(53.574710171649, -113.392323752927)"
Eaux Claires Park Playground,53.6217552950512,-113.486436523357,"(53.6217552950512, -113.486436523357)"
Carlton Park/Elizabeth Finch School,53.6199866838039,-113.559853999273,"(53.6199866838039, -113.559853999273)"
Tipton Park,53.5164718956152,-113.509744042909,"(53.5164718956152, -113.509744042909)"
Abbott School,53.5749199531257,-113.39209973481,"(53.5749199531257, -113.39209973481)"
Kinsmen Park Senior,53.5267062656328,-113.50910920927,"(53.5267062656328, -113.50910920927)"
Terwillegar Towne Playground,53.4498540053335,-113.584850990185,"(53.4498540053335, -113.584850990185)"
Queen Alexandra Community League,53.5096879851194,-113.508496680308,"(53.5096879851194, -113.508496680308)"
Pleasantview Community League,53.4939591337413,-113.510516069325,"(53.4939591337413, -113.510516069325)"
Hollick Kenyon Park Playground,53.6213898112268,-113.420254778969,"(53.6213898112268, -113.420254778969)"
Kinsmen Park Senior,53.5268495705571,-113.509078165722,"(53.5268495705571, -113.509078165722)"
Fort Edmonton Park,53.5021555431717,-113.581330291724,"(53.5021555431717, -113.581330291724)"
Tipton Park,53.5165063681044,-113.509854226775,"(53.5165063681044, -113.509854226775)"
Tipton Park,53.5163351156222,-113.510170863336,"(53.5163351156222, -113.510170863336)"
Kinsmen Park Senior,53.5271614294723,-113.509314885384,"(53.5271614294723, -113.509314885384)"
Magrath Heights,53.4495972718622,-113.559605462319,"(53.4495972718622, -113.559605462319)"
Kinsmen Park Senior,53.527232371325,-113.509200186664,"(53.527232371325, -113.509200186664)"
King Edward School,53.5216137453776,-113.492474321591,"(53.5216137453776, -113.492474321591)"
Kinsmen Park Senior,53.5265799321801,-113.509607624652,"(53.5265799321801, -113.509607624652)"
Kinsmen Park Senior,53.5270774327259,-113.508511896631,"(53.5270774327259, -113.508511896631)"
Terwillegar Towne East,53.4465635146895,-113.575575210806,"(53.4465635146895, -113.575575210806)"
Kinsmen Park Senior,53.5272277750168,-113.50907830662,"(53.5272277750168, -113.50907830662)"
Magrath Heights,53.44941391348,-113.559631785371,"(53.44941391348, -113.559631785371)"
Kinsmen Park Senior,53.5272176506495,-113.509065544017,"(53.5272176506495, -113.509065544017)"
Terwillegar Towne East,53.4466322543579,-113.575345335021,"(53.4466322543579, -113.575345335021)"
Terwillegar Towne East,53.4467227886585,-113.575529647006,"(53.4467227886585, -113.575529647006)"
Mill Woods Play and Spray,53.45527162514,-113.436247685939,"(53.45527162514, -113.436247685939)"
Secord Playground,53.5335554802869,-113.69170568027,"(53.5335554802869, -113.69170568027)"
Tipton Park,53.5165081681835,-113.510245902312,"(53.5165081681835, -113.510245902312)"
Queen Alexandra,53.5132961526718,-113.504893295524,"(53.5132961526718, -113.504893295524)"
Chappelle,53.4062928556701,-113.57304619044,"(53.4062928556701, -113.57304619044)"
Granville Tot Lot,53.5073837935334,-113.679300379523,"(53.5073837935334, -113.679300379523)"
Granville,53.4988450048003,-113.679083017848,"(53.4988450048003, -113.679083017848)"
Central Hill Park,53.6068361664759,-113.500296549618,"(53.6068361664759, -113.500296549618)"
Central Hill Park,53.6067183404934,-113.500067243515,"(53.6067183404934, -113.500067243515)"
Secord,53.5323712401874,-113.70579960204,"(53.5323712401874, -113.70579960204)"
Starling,53.5936496341144,-113.655154274596,"(53.5936496341144, -113.655154274596)"
Blackmud Park,53.4203720953529,-113.513211727331,"(53.4203720953529, -113.513211727331)"
Blackmud Park,53.4201096421099,-113.513257768939,"(53.4201096421099, -113.513257768939)"
,53.4200439748829,-113.513091698766,"(53.4200439748829, -113.513091698766)"
Blackmud Park,53.4202050672627,-113.512657618048,"(53.4202050672627, -113.512657618048)"
Bonnie Doon Park,53.5273886484984,-113.47026611271,"(53.5273886484984, -113.47026611271)"
Rutherford Sch,53.5226390022379,-113.46845144477,"(53.5226390022379, -113.46845144477)"
Ralph Hopp Park,53.5893786569505,-113.445524967809,"(53.5893786569505, -113.445524967809)"
Capilano School,53.5559914663218,-113.421984079117,"(53.5559914663218, -113.421984079117)"
Duggan School,53.4723112668464,-113.506030582577,"(53.4723112668464, -113.506030582577)"
,53.5914147240614,-113.450803572819,"(53.5914147240614, -113.450803572819)"
Callingwood Playground,53.5083089729841,-113.621887206041,"(53.5083089729841, -113.621887206041)"
,53.4732469835853,-113.63617520138,"(53.4732469835853, -113.63617520138)"
Aspen Gardens Community League,53.4748192312804,-113.5429029494,"(53.4748192312804, -113.5429029494)"
Beacon Heights School,53.5756135541251,-113.414720710417,"(53.5756135541251, -113.414720710417)"
Brintnell Park Playground,53.6194055169297,-113.40760724166,"(53.6194055169297, -113.40760724166)"
Bellevue School,53.568423709776,-113.449031261288,"(53.568423709776, -113.449031261288)"
Rutherford Sch,53.5224975583259,-113.467972229939,"(53.5224975583259, -113.467972229939)"
Bonnie Doon Park,53.5273557069699,-113.470315916819,"(53.5273557069699, -113.470315916819)"
Beverly Heights Playground,53.5691507968467,-113.395331371287,"(53.5691507968467, -113.395331371287)"
Beacon Heights Park Tot Lot,53.5729455781214,-113.396042664348,"(53.5729455781214, -113.396042664348)"
Beverly Jubilee Park,53.5743961388591,-113.407220283689,"(53.5743961388591, -113.407220283689)"
Balwin Park,53.587344392185,-113.456089369554,"(53.587344392185, -113.456089369554)"
Belle Rive Playground,53.6199176837328,-113.470500274309,"(53.6199176837328, -113.470500274309)"
R. J. Scott,53.5688842598095,-113.400981246355,"(53.5688842598095, -113.400981246355)"
Primrose Park,53.5176931012824,-113.648513050097,"(53.5176931012824, -113.648513050097)"
St. Bernadette School,53.5721862913113,-113.402374286255,"(53.5721862913113, -113.402374286255)"
Avonmore Community League,53.5100699642191,-113.448024105992,"(53.5100699642191, -113.448024105992)"
Princeton,53.5895901929577,-113.458885427129,"(53.5895901929577, -113.458885427129)"
Beaumaris Park,53.6168254881716,-113.497885083368,"(53.6168254881716, -113.497885083368)"
Allan Grey Park,53.5116893183961,-113.462214710337,"(53.5116893183961, -113.462214710337)"
Capilano School,53.5557286537194,-113.422367432651,"(53.5557286537194, -113.422367432651)"
Beacon Heights Park Tot Lot,53.5728953154432,-113.395633775195,"(53.5728953154432, -113.395633775195)"
Avonmore Park,53.5101261063771,-113.448930446802,"(53.5101261063771, -113.448930446802)"
Beverly Heights Lions Playground,53.5673104393106,-113.40719033448,"(53.5673104393106, -113.40719033448)"
Beaumaris Park,53.6167071082744,-113.497670236119,"(53.6167071082744, -113.497670236119)"
St. Gabriel School,53.5510012220659,-113.42378427915,"(53.5510012220659, -113.42378427915)"
Belmead Park,53.5257750453213,-113.636118440981,"(53.5257750453213, -113.636118440981)"
Wolf Willow Park Playground,53.4992608780931,-113.604409003525,"(53.4992608780931, -113.604409003525)"
Floden Park,53.5636552505373,-113.408013800826,"(53.5636552505373, -113.408013800826)"
,53.527662333295,-113.470525698252,"(53.527662333295, -113.470525698252)"
Charlesworth,53.4298583517298,-113.431757713803,"(53.4298583517298, -113.431757713803)"
Balwin,53.5915698306184,-113.449101444112,"(53.5915698306184, -113.449101444112)"
Bonnie Doon Park,53.5273869074304,-113.470820091232,"(53.5273869074304, -113.470820091232)"
John J. Olinyk Park,53.5685378957834,-113.412989412189,"(53.5685378957834, -113.412989412189)"
Ellerslie Elementary School,53.4256788883427,-113.442226429498,"(53.4256788883427, -113.442226429498)"
Belmont,53.5933566954572,-113.393604883494,"(53.5933566954572, -113.393604883494)"
Aldergrove Park,53.5189777077026,-113.634974451973,"(53.5189777077026, -113.634974451973)"
Gallagher Park,53.5359974876658,-113.47257519267,"(53.5359974876658, -113.47257519267)"
Beverly Heights Park Tot Lot,53.5609413523827,-113.400918388687,"(53.5609413523827, -113.400918388687)"
Bonnie Doon Park,53.5273816844885,-113.471051537084,"(53.5273816844885, -113.471051537084)"
Beverly Heights Park Tot Lot,53.5609030229707,-113.400919558818,"(53.5609030229707, -113.400919558818)"
Gallagher Park,53.5358586860037,-113.472244650067,"(53.5358586860037, -113.472244650067)"
Belvedere School/Park,53.5941559606066,-113.43500120349,"(53.5941559606066, -113.43500120349)"
Balwin Park,53.5871380059577,-113.456134627621,"(53.5871380059577, -113.456134627621)"
Rutherford Sch,53.5225201852882,-113.468375491996,"(53.5225201852882, -113.468375491996)"
St. Francis,53.5884995364295,-113.443085602185,"(53.5884995364295, -113.443085602185)"
Ellerslie Campus,53.4267979964262,-113.442333680751,"(53.4267979964262, -113.442333680751)"
St. Gabriel School,53.5506101859745,-113.423469797998,"(53.5506101859745, -113.423469797998)"
Capilano School,53.5559170904073,-113.422271305814,"(53.5559170904073, -113.422271305814)"
Westbrook School,53.4754911532291,-113.540880408497,"(53.4754911532291, -113.540880408497)"
Floden Park,53.5637348789228,-113.40741977921,"(53.5637348789228, -113.40741977921)"
Floden Park,53.5637644622341,-113.407837563456,"(53.5637644622341, -113.407837563456)"
Aspen Gardens Community League,53.4749350427688,-113.54299167101,"(53.4749350427688, -113.54299167101)"
Robert Brett Park,53.5963713006481,-113.427778163424,"(53.5963713006481, -113.427778163424)"
Delwood School/Park,53.5965985211871,-113.457337775757,"(53.5965985211871, -113.457337775757)"
Ellerslie Elementary School,53.4257378775206,-113.442135413801,"(53.4257378775206, -113.442135413801)"
,53.4730582727237,-113.636627944933,"(53.4730582727237, -113.636627944933)"
Nor'wester Athletic Association Playground,53.4257952154664,-113.409596005173,"(53.4257952154664, -113.409596005173)"
,53.4732421125216,-113.636262459924,"(53.4732421125216, -113.636262459924)"
St. Elizabeth Seton School/Park,53.5944668765015,-113.396909235357,"(53.5944668765015, -113.396909235357)"
St. Williams Park,53.5968350105531,-113.432954879235,"(53.5968350105531, -113.432954879235)"
,53.4295932737459,-113.431492089497,"(53.4295932737459, -113.431492089497)"
St. Benedict School,53.5260261761044,-113.634670418913,"(53.5260261761044, -113.634670418913)"
Blackmud Park,53.4200060497698,-113.512876517515,"(53.4200060497698, -113.512876517515)"
Duggan Community League Playground,53.4733001621248,-113.506320993876,"(53.4733001621248, -113.506320993876)"
St. Vladimir,53.5925818110262,-113.457678683529,"(53.5925818110262, -113.457678683529)"
